,chamber_1_loc,chamber_2_loc,chamber_8_loc,chamber_10_loc
right_side,97.5,94.5,86.7,82.80000000000001
left_side,11.0,14.100000000000001,21.700000000000003,25.8
